{"name":null,"assets":"aoy4:pathy45:assets%2Fgraphics%2F1.5x%2Fbackground-4-0.pngy4:sizei40078y4:typey5:IMAGEy2:idR1y7:preloadtgoR0y41:assets%2Fgraphics%2F1.5x%2Fsprite-1-0.pngR2i916R3R4R5R7R6tgoR0y41:assets%2Fgraphics%2F1.5x%2Fsprite-3-0.pngR2i1346R3R4R5R8R6tgoR0y43:assets%2Fgraphics%2F1x%2Fbackground-4-0.pngR2i27959R3R4R5R9R6tgoR0y39:assets%2Fgraphics%2F1x%2Fsprite-1-0.pngR2i664R3R4R5R10R6tgoR0y39:assets%2Fgraphics%2F1x%2Fsprite-3-0.pngR2i1149R3R4R5R11R6tgoR0y43:assets%2Fgraphics%2F2x%2Fbackground-4-0.pngR2i50314R3R4R5R12R6tgoR0y39:assets%2Fgraphics%2F2x%2Fsprite-1-0.pngR2i1071R3R4R5R13R6tgoR0y39:assets%2Fgraphics%2F2x%2Fsprite-3-0.pngR2i1449R3R4R5R14R6tgoR0y43:assets%2Fgraphics%2F3x%2Fbackground-4-0.pngR2i72464R3R4R5R15R6tgoR0y39:assets%2Fgraphics%2F3x%2Fsprite-1-0.pngR2i1491R3R4R5R16R6tgoR0y39:assets%2Fgraphics%2F3x%2Fsprite-3-0.pngR2i1756R3R4R5R17R6tgoR0y43:assets%2Fgraphics%2F4x%2Fbackground-4-0.pngR2i114919R3R4R5R18R6tgoR0y39:assets%2Fgraphics%2F4x%2Fsprite-1-0.pngR2i2543R3R4R5R19R6tgoR0y39:assets%2Fgraphics%2F4x%2Fsprite-3-0.pngR2i2061R3R4R5R20R6tgoR0y36:assets%2Fgraphics%2Fdefault-font.fntR2i10791R3y4:TEXTR5R21R6tgoR0y36:assets%2Fgraphics%2Fdefault-font.pngR2i1736R3R4R5R23R6tgoR2i549686R3y5:MUSICR5y28:assets%2Fmusic%2Fsound-5.mp3y9:pathGroupaR25hR6tgoR0y29:assets%2Fdata%2Fbehaviors.mbsR2i1112R3y6:BINARYR5R27R6tgoR0y24:assets%2Fdata%2Fgame.mbsR2i1420R3R28R5R29R6tgoR0y34:assets%2Fdata%2Finner-joystick.pngR2i1002R3R4R5R30R6tgoR0y41:assets%2Fdata%2Finner-joystick%401.5x.pngR2i2011R3R4R5R31R6tgoR0y39:assets%2Fdata%2Finner-joystick%402x.pngR2i2281R3R4R5R32R6tgoR0y39:assets%2Fdata%2Finner-joystick%403x.pngR2i4539R3R4R5R33R6tgoR0y39:assets%2Fdata%2Finner-joystick%404x.pngR2i5346R3R4R5R34R6tgoR0y34:assets%2Fdata%2Fouter-joystick.pngR2i2194R3R4R5R35R6tgoR0y41:assets%2Fdata%2Fouter-joystick%401.5x.pngR2i4449R3R4R5R36R6tgoR0y39:assets%2Fdata%2Fouter-joystick%402x.pngR2i5120R3R4R5R37R6tgoR0y39:assets%2Fdata%2Fouter-joystick%403x.pngR2i10405R3R4R5R38R6tgoR0y39:assets%2Fdata%2Fouter-joystick%404x.pngR2i12189R3R4R5R39R6tgoR0y29:assets%2Fdata%2Fresources.mbsR2i742R3R28R5R40R6tgoR0y27:assets%2Fdata%2Fscene-0.mbsR2i1349R3R28R5R41R6tgoR0y27:assets%2Fdata%2Fscene-0.scnR2i13R3R28R5R42R6tgoR0y26:assets%2Fdata%2Fscenes.mbsR2i87R3R28R5R43R6tgh","rootPath":null,"version":2,"libraryArgs":[],"libraryType":null}